Name,Last Name,Vote,Party
Fabiola,Anitori,-,AP
IGNAZIO,ABRIGNANI,si,Misto
FERDINANDO,ADORNATO,si,AP
DONATELLA,AGOSTINELLI,-,M5S
LUCIANO,AGOSTINI,si,PD
ROBERTA,AGOSTINI,si,PD
FERDINANDO,AIELLO,-,PD
GIORGIO,AIRAUDO,-,SI-SEL
LUISELLA,ALBANELLA,si,PD
FERDINANDO,ALBERTI,-,M5S
TEA,ALBINI,si,PD
ANGELINO,ALFANO,-,AP
GIOACCHINO,ALFANO,si,AP
DANIEL,ALFREIDER,si,Misto
STEFANO,ALLASIA,-,Lega
PAOLO,ALLI,si,AP
TRIFONE,ALTIERI,-,Misto
MARIA,AMATO,si,PD
VINCENZO,AMENDOLA,si,PD
MARIA TERESA,AMICI,si,PD
SOFIA,AMODDIO,si,PD
ANTONIO,ANGELUCCI,-,FI-PdL
MARIA,ANTEZZA,si,PD
MICHELE,ANZALDI,si,PD
BRUNO,ARCHI,-,FI-PdL
ILEANA,ARGENTIN,si,PD
TIZIANO,ARLOTTI,si,PD
MASSIMO,ARTINI,-,Misto
ANNA,ASCANI,si,PD
ANGELO GIOACHINO GAETANO,ATTAGUILE,-,Lega
MARCO,BALDASSARRE,-,Misto
SIMONE,BALDELLI,-,FI-PdL
MAURIZIO,BARADELLO,si,DS-CD
SEBASTIANO,BARBANTI,si,PD
PIER PAOLO,BARETTA,si,PD
CRISTINA,BARGERO,si,PD
MASSIMO ENRICO,BARONI,-,M5S
DAVIDE,BARUFFI,si,PD
TATIANA,BASILIO,-,M5S
LORENZO,BASSO,si,PD
DEMETRIO,BATTAGLIA,si,PD
SERGIO,BATTELLI,-,M5S
ALFREDO,BAZOLI,si,PD
LORENZO,BECATTINI,si,PD
ELEONORA,BECHIS,-,Misto
TERESA,BELLANOVA,si,PD
GIANLUCA,BENAMATI,si,PD
SILVIA,BENEDETTI,-,M5S
PAOLO,BENI,si,PD
DEBORAH,BERGAMINI,-,FI-PdL
MARCO,BERGONZI,si,PD
MARINA,BERLINGHIERI,si,PD
MAURIZIO,BERNARDO,si,AP
MASSIMILIANO,BERNINI,-,M5S
PAOLO,BERNINI,-,M5S
GIUSEPPE,BERRETTA,si,PD
PIER LUIGI,BERSANI,si,PD
DORINA,BIANCHI,si,AP
MARIASTELLA,BIANCHI,si,PD
NICOLA,BIANCHI,-,M5S
MICHAELA,BIANCOFIORE,-,FI-PdL
MAURIZIO,BIANCONI,-,Misto
SANDRO MARIO,BIASOTTI,-,FI-PdL
ROSARIA,BINDI,si,PD
PAOLA,BINETTI,si,AP
CATERINA,BINI,si,PD
FRANCA MARIA GRAZIA,BIONDELLI,si,PD
TAMARA,BLAZINA,si,PD
LUIGI,BOBBA,si,PD
SERGIO,BOCCADUTRI,si,PD
GIANPIERO,BOCCI,si,PD
FRANCESCO,BOCCIA,si,PD
ANTONIO MICHELE,BOCCUZZI,si,PD
PAOLA,BOLDRINI,si,PD
PAOLO,BOLOGNESI,si,PD
ALBERTO,BOMBASSEI,si,SCpI
LORENZA,BONACCORSI,si,PD
ALFONSO,BONAFEDE,-,M5S
FRANCESCO,BONIFAZI,si,PD
FRANCESCA,BONOMO,si,PD
FRANCO,BORDO,-,SI-SEL
MICHELE,BORDO,si,PD
MARIO,BORGHESE,-,Misto
STEFANO,BORGHESI,-,Lega
ENRICO,BORGHI,si,PD
ILARIA CARLA ANNA,BORLETTI DELL'ACQUA,si,PD
MARIA ELENA,BOSCHI,si,PD
ANTONINO,BOSCO,si,AP
LUISA,BOSSA,si,PD
UMBERTO,BOSSI,-,Lega
CHIARA,BRAGA,si,PD
MATTEO,BRAGANTINI,si,Misto
PAOLA,BRAGANTINI,si,PD
MICHELA VITTORIA,BRAMBILLA,-,FI-PdL
GIORGIO,BRANDOLIN,si,PD
ALESSANDRO,BRATTI,si,PD
GIUSEPPE,BRESCIA,-,M5S
GIANCLAUDIO,BRESSA,si,PD
BEATRICE,BRIGNONE,-,Misto
MARCO,BRUGNEROTTO,-,M5S
RENATO,BRUNETTA,-,FI-PdL
VINCENZA,BRUNO BOSSIO,si,PD
FRANCESCO,BRUNO,-,Misto
RENATA,BUENO,si,Misto
GIOVANNI MARIO SALVINO,BURTONE,si,PD
FILIPPO,BUSIN,-,Lega
FRANCESCA,BUSINAROLO,-,M5S
MIRKO,BUSTO,-,M5S
ROCCO,BUTTIGLIONE,si,AP
ANNAGRAZIA,CALABRIA,-,FI-PdL
RAFFAELE,CALABRO',-,AP
VANESSA,CAMANI,si,PD
MICAELA,CAMPANA,si,PD
AZZURRA PIA MARIA,CANCELLERI,-,M5S
EMANUELE,CANI,si,PD
ROBERTO,CAON,si,Misto
DAVIDE CARLO,CAPARINI,-,Lega
ROBERTO,CAPELLI,si,DS-CD
DANIELE,CAPEZZONE,-,Misto
ANGELO,CAPODICASA,-,PD
SALVATORE,CAPONE,si,PD
SABRINA,CAPOZZOLO,si,PD
ILARIA,CAPUA,-,SCpI
ERNESTO,CARBONE,si,PD
DANIELA,CARDINALE,si,PD
RENZO,CARELLA,si,PD
MARIA ROSARIA,CARFAGNA,-,FI-PdL
FRANCESCO,CARIELLO,-,M5S
PAOLA,CARINELLI,-,M5S
ANNA MARIA,CARLONI,si,PD
ELENA,CARNEVALI,si,PD
MARA,CAROCCI,si,PD
MARCO,CARRA,si,PD
PIERGIORGIO,CARRESCIA,si,PD
MARIA CHIARA,CARROZZA,si,PD
MARIO,CARUSO,si,DS-CD
EZIO PRIMO,CASATI,si,PD
FLORIANA,CASELLATO,si,PD
LUIGI,CASERO,si,AP
VINCENZO,CASO,-,M5S
FRANCESCO,CASSANO,si,PD
LAURA,CASTELLI,-,M5S
GIUSEPPINA,CASTIELLO,-,FI-PdL
GIUSEPPE,CASTIGLIONE,-,AP
ANTONIO,CASTRICONE,si,PD
IVAN,CATALANO,si,Misto
MARIO,CATANIA,si,SCpI
FRANCESCO,CATANOSO GENOESE,-,FI-PdL
MARCO,CAUSI,si,PD
ANDREA,CAUSIN,si,AP
ANDREA,CECCONI,-,M5S
SUSANNA,CENNI,si,PD
BRUNO,CENSORE,si,PD
ELENA,CENTEMERO,-,FI-PdL
ANGELO,CERA,-,AP
ANTIMO,CESARO,si,SCpI
LUIGI,CESARO,-,FI-PdL
KHALID,CHAOUKI,-,PD
GIANFRANCO GIOVANNI,CHIARELLI,-,Misto
SILVIA,CHIMIENTI,-,M5S
FABRIZIO,CICCHITTO,-,AP
ELEONORA,CIMBRO,si,PD
TIZIANA,CIPRINI,-,M5S
NICOLA,CIRACI',-,Misto
EDMONDO,CIRIELLI,-,FdI
GIUSEPPE,CIVATI,-,Misto
LAURA,COCCIA,si,PD
MATTEO,COLANINNO,si,PD
ANDREA,COLLETTI,-,M5S
VEGA,COLONNESE,-,M5S
CLAUDIO,COMINARDI,-,M5S
MIRIAM,COMINELLI,si,PD
PAOLO,COPPOLA,si,PD
EMANUELA,CORDA,-,M5S
MASSIMO ENRICO,CORSARO,-,Misto
MARIA,COSCIA,si,PD
ENRICO,COSTA,si,AP
CELESTINA,COSTANTINO,-,SI-SEL
PAOLO,COVA,si,PD
STEFANIA,COVELLO,si,PD
EMANUELE,COZZOLINO,-,M5S
ROCCO,CRIMI,-,FI-PdL
FILIPPO,CRIMI',si,PD
DAVIDE,CRIPPA,-,M5S
DIEGO,CRIVELLARI,si,PD
MAGDA,CULOTTA,-,PD
ANTONIO,CUOMO,si,PD
GIOVANNI,CUPERLO,si,PD
TOMMASO,CURRO',-,PD
ANGELO ANTONIO,D'AGOSTINO,si,SCpI
LUCA,D'ALESSANDRO,si,Misto
GIANPIERO,D'ALIA,si,AP
GIUSEPPE,D'AMBROSIO,-,M5S
VINCENZO,D'ARIENZO,si,PD
ALFREDO,D'ATTORRE,-,SI-SEL
FEDERICO,D'INCA',-,M5S
VITTORIA,D'INCECCO,si,PD
UMBERTO,D'OTTAVIO,si,PD
FRANCESCO,D'UVA,-,M5S
MARCO,DA VILLA,-,M5S
FABIANA,DADONE,-,M5S
FEDERICA,DAGA,-,M5S
GIAN PIETRO,DAL MORO,si,PD
MATTEO,DALL'OSSO,-,M5S
LUIGI,DALLAI,si,PD
STEFANO,DAMBRUOSO,si,SCpI
CESARE,DAMIANO,si,PD
NUNZIA,DE GIROLAMO,-,FI-PdL
DIEGO,DE LORENZIS,-,M5S
ANDREA,DE MARIA,si,PD
ROGER,DE MENECH,si,PD
PAOLA,DE MICHELI,-,PD
GIUSEPPE,DE MITA,-,AP
MASSIMO FELICE,DE ROSA,-,M5S
UMBERTO,DEL BASSO DE CARO,si,PD
DANIELE,DEL GROSSO,-,M5S
CARLO,DELL'ARINGA,si,PD
MICHELE,DELL'ORCO,-,M5S
IVAN,DELLA VALLE,-,M5S
LORENZO,DELLAI,si,DS-CD
ALESSANDRO,DI BATTISTA,-,M5S
CHIARA,DI BENEDETTO,-,M5S
RAFFAELE,DI GIOIA,si,Misto
MARCO,DI LELLO,si,Misto
LUIGI,DI MAIO,-,M5S
MARCO,DI MAIO,si,PD
TERESA MARIA,DI SALVO,si,PD
FABRIZIO,DI STEFANO,-,FI-PdL
MANLIO,DI STEFANO,-,M5S
MARCO,DI STEFANO,si,PD
GIULIA,DI VITA,-,M5S
FEDERICA,DIENI,-,M5S
ANTONIO,DISTASO,-,Misto
MARCO,DONATI,si,PD
DONATELLA,DURANTI,-,SI-SEL
ETTORE GUGLIELMO,EPIFANI,si,PD
DAVID,ERMINI,si,PD
MARILENA,FABBRI,si,PD
MONICA,FAENZI,si,Misto
GIOVANNI,FALCONE,si,PD
LUIGI,FAMIGLIETTI,si,PD
MATTIA,FANTINATI,-,M5S
EDOARDO,FANUCCI,si,PD
DAVIDE,FARAONE,si,PD
DANIELE,FARINA,-,SI-SEL
GIOVANNI,FARINA,si,PD
STEFANO,FASSINA,-,SI-SEL
FEDERICO,FAUTTILLI,si,DS-CD
GIOVANNI GIUSEPPE CLAUDIO,FAVA,-,SI-SEL
MARCO,FEDI,si,PD
MASSIMILIANO,FEDRIGA,-,Lega
DONATELLA,FERRANTI,si,PD
FRANCESCO,FERRARA,-,SI-SEL
VITTORIO,FERRARESI,-,M5S
ALAN,FERRARI,si,PD
ANDREA,FERRO,si,PD
EMANUELE,FIANO,si,PD
ROBERTO,FICO,-,M5S
MASSIMO,FIORIO,si,PD
GIUSEPPE,FIORONI,si,PD
VINCENZO,FOLINO,-,SI-SEL
CINZIA MARIA,FONTANA,si,PD
GREGORIO,FONTANA,-,FI-PdL
PAOLO,FONTANELLI,si,PD
ANIELLO,FORMISANO,si,Misto
FILIPPO,FOSSATI,si,PD
RICCARDO,FRACCARO,-,M5S
GIAN MARIO,FRAGOMELI,si,PD
DARIO,FRANCESCHINI,si,PD
NICOLA,FRATOIANNI,-,SI-SEL
SILVIA,FREGOLENT,si,PD
LUCA,FRUSONE,-,M5S
BENEDETTO FRANCESCO,FUCCI,-,Misto
ALESSANDRO,FURNARI,-,Misto
GIANLUCA,FUSILLI,si,PD
MARIA CHIARA,GADDA,si,PD
CHIARA,GAGNARLI,-,M5S
GIANCARLO,GALAN,-,FI-PdL
GIUSEPPE,GALATI,si,Misto
ADRIANA EDEN SUSANNA,GALGANO,no,SCpI
CARLO,GALLI,-,SI-SEL
GIAMPAOLO,GALLI,si,PD
FILIPPO,GALLINELLA,-,M5S
RICCARDO ANTONIO,GALLO AFFLITTO,-,FI-PdL
LUIGI,GALLO,-,M5S
GUIDO,GALPERTI,si,PD
PAOLO,GANDOLFI,si,PD
LAURA,GARAVINI,si,PD
DANIELA,GARNERO SANTANCHE',-,FI-PdL
VINCENZO,GAROFALO,si,AP
FRANCESCO SAVERIO,GAROFANI,si,PD
DANIELA MATILDE MARIA,GASPARINI,-,PD
RENATE,GEBHARD,-,Misto
FEDERICO,GELLI,si,PD
MARIASTELLA,GELMINI,-,FI-PdL
FRANCANTONIO,GENOVESE,-,FI-PdL
PAOLO,GENTILONI SILVERI,si,PD
MANUELA,GHIZZONI,si,PD
ROBERTO,GIACHETTI,si,PD
ANNA,GIACOBBE,si,PD
ANTONELLO,GIACOMELLI,si,PD
SESTINO,GIACOMONI,-,FI-PdL
GABRIELLA,GIAMMANCO,-,FI-PdL
GIAN LUIGI,GIGLI,si,DS-CD
FEDERICO,GINATO,si,PD
DARIO,GINEFRA,si,PD
TOMMASO,GINOBLE,si,PD
GIANCARLO,GIORDANO,-,SI-SEL
SILVIA,GIORDANO,-,M5S
ALBERTO,GIORGETTI,-,FI-PdL
GIANCARLO,GIORGETTI,-,Lega
ANDREA,GIORGIS,si,PD
GREGORIO,GITTI,-,PD
FABRIZIA,GIULIANI,si,PD
GIAMPIERO,GIULIETTI,si,PD
MARIALUISA,GNECCHI,si,PD
SANDRO,GOZI,-,PD
MARTA,GRANDE,-,M5S
GEROLAMO,GRASSI,si,PD
MARIA GAETANA,GRECO,si,PD
MONICA,GREGORI,-,SI-SEL
CHIARA,GRIBAUDO,si,PD
GIULIA,GRILLO,-,M5S
PAOLO,GRIMOLDI,-,Lega
GIUSEPPE,GUERINI,si,PD
LORENZO,GUERINI,si,PD
MAURO,GUERRA,si,PD
GUIDO,GUIDESI,-,Lega
MARIA TINDARA,GULLO,-,FI-PdL
ITZHAK YORAM,GUTGELD,si,PD
MARIA,IACONO,si,PD
BARBATO,IANNUZZI,si,PD
CRISTIAN,IANNUZZI,-,Misto
LEONARDO,IMPEGNO,si,PD
ANTONELLA,INCERTI,si,PD
CRISTIAN,INVERNIZZI,-,Lega
VANNA,IORI,si,PD
FLORIAN,KRONBICHLER,-,SI-SEL
GIUSEPPE,L'ABBATE,-,M5S
FRANCESCA,LA MARCA,si,PD
IGNAZIO BENITO MARIA,LA RUSSA,-,FdI
VINCENZA,LABRIOLA,no,Misto
LUIGI,LACQUANITI,si,PD
PIETRO,LAFFRANCO,-,FI-PdL
FRANCESCO,LAFORGIA,si,PD
GIORGIO,LAINATI,-,FI-PdL
COSIMO,LATRONICO,-,Misto
ENZO,LATTUCA,si,PD
GIUSEPPE,LAURICELLA,si,PD
FABIO,LAVAGNO,si,PD
DONATA,LENZI,si,PD
DANILO,LEVA,si,PD
GIANFRANCO,LIBRANDI,-,SCpI
MIRELLA,LIUZZI,-,M5S
CARMELO,LO MONTE,-,Misto
PIA ELDA,LOCATELLI,si,Misto
EMANUELE,LODOLINI,si,PD
ROBERTA,LOMBARDI,-,M5S
PIERO,LONGO,-,FI-PdL
MARIALUCIA,LOREFICE,-,M5S
BEATRICE,LORENZIN,si,AP
ALBERTO,LOSACCO,si,PD
LUCA,LOTTI,si,PD
MAURIZIO ENZO,LUPI,si,AP
LOREDANA,LUPO,-,M5S
MARIA ANNA,MADIA,si,PD
ANDREA,MAESTRI,-,Misto
PATRIZIA,MAESTRI,si,PD
ERNESTO,MAGORNO,si,PD
PASQUALE,MAIETTA,-,FdI
GIANNA,MALISANI,si,PD
SIMONA FLAVIA,MALPEZZI,si,PD
ANDREA,MANCIULLI,si,PD
MASSIMILIANO,MANFREDI,si,PD
CLAUDIA,MANNINO,-,M5S
MATTEO,MANTERO,-,M5S
IRENE,MANZI,si,PD
DANIELE,MARANTELLI,si,PD
MARIO,MARAZZITI,si,DS-CD
MARCO,MARCHETTI,si,PD
MAINO,MARCHI,si,PD
MARCO,MARCOLIN,si,Misto
GIULIO,MARCON,-,SI-SEL
RUDI FRANCO,MARGUERETTAZ,si,Misto
RAFFAELLA,MARIANI,si,PD
ELISA,MARIANO,si,PD
ANTONIO,MAROTTA,si,AP
SIRO,MARROCU,-,PD
UMBERTO,MARRONI,si,PD
ANDREA,MARTELLA,si,PD
GIOVANNA,MARTELLI,-,SI-SEL
ROBERTO,MARTI,-,Misto
MARCO,MARTINELLI,-,FI-PdL
ANTONIO,MARTINO,-,FI-PdL
PIERDOMENICO,MARTINO,si,PD
MARIA,MARZANA,-,M5S
MARIA,MARZANO,si,PD
FEDERICO,MASSA,si,PD
ANTONIO,MATARRELLI,-,Misto
SALVATORE,MATARRESE,-,SCpI
DAVIDE,MATTIELLO,si,PD
MATTEO,MAURI,si,PD
ANDREA,MAZZIOTTI DI CELSO,-,SCpI
ALESSANDRO,MAZZOLI,si,PD
GENEROSO,MELILLA,-,SI-SEL
FABIO,MELILLI,si,PD
GIORGIA,MELONI,-,FdI
MARCO,MELONI,si,PD
RICARDO ANTONIO,MERLO,-,Misto
MICHELE POMPEO,META,si,PD
MARCO,MICCOLI,si,PD
SALVATORE,MICILLO,-,M5S
GENNARO,MIGLIORE,si,PD
LORENA,MILANATO,-,FI-PdL
ANTONINO,MINARDO,si,AP
EMILIANO,MINNUCCI,si,PD
ANNA MARGHERITA,MIOTTO,si,PD
ANTONIO,MISIANI,si,PD
SALVATORE,MISURACA,si,AP
MICHELE,MOGNATO,si,PD
BRUNO,MOLEA,si,SCpI
NICOLA,MOLTENI,-,Lega
FRANCESCO,MONACO,-,PD
GIOVANNI,MONCHIERO,no,SCpI
COLOMBA,MONGIELLO,si,PD
DANIELE,MONTRONI,si,PD
ALESSIA,MORANI,si,PD
ROBERTO,MORASSUT,si,PD
SARA,MORETTO,si,PD
ANTONINO,MOSCATT,si,PD
GIOVANNI CARLO FRANCESCO,MOTTOLA,si,Misto
MARA,MUCCI,no,Misto
ROMINA,MURA,si,PD
DELIA,MURER,si,PD
ALESSANDRO,NACCARATO,si,PD
MARTINA,NARDI,si,PD
GIULIA,NARDUOLO,si,PD
GAETANO,NASTRI,-,FdI
DALILA,NESCI,-,M5S
EDOARDO,NESI,-,Misto
MARISA,NICCHI,-,SI-SEL
MICHELE,NICOLETTI,si,PD
ANGELA ROSARIA,NISSOLI,si,DS-CD
SETTIMO,NIZZI,-,FI-PdL
RICCARDO,NUTI,-,M5S
ROBERTO,OCCHIUTO,-,FI-PdL
ROBERTA,OLIARO,si,SCpI
NICODEMO NAZZARENO,OLIVERIO,si,PD
MATTEO,ORFINI,si,PD
ANDREA,ORLANDO,si,PD
MAURO,OTTOBRE,si,Misto
ALBERTO,PAGANI,si,PD
ALESSANDRO SARO ALFONSO,PAGANO,si,AP
GIOVANNI,PAGLIA,-,SI-SEL
ERASMO,PALAZZOTTO,-,SI-SEL
ROCCO,PALESE,-,Misto
GIOVANNI,PALLADINO,si,SCpI
GIOVANNA,PALMA,si,PD
ANTONIO,PALMIERI,-,FI-PdL
ELIO MASSIMO,PALMIZIO,-,FI-PdL
ANNA LUCIA LISA,PANNARALE,-,SI-SEL
PAOLO,PARENTELA,-,M5S
VALENTINA,PARIS,si,PD
MASSIMO,PARISI,si,Misto
DARIO,PARRINI,si,PD
ORESTE,PASTORELLI,si,Misto
LUCA,PASTORINO,-,Misto
EDOARDO,PATRIARCA,si,PD
MICHELE,PELILLO,si,PD
SERENA,PELLEGRINO,-,SI-SEL
VINICIO GIUSEPPE GUIDO,PELUFFO,si,PD
CATERINA,PES,si,PD
DANIELE,PESCO,-,M5S
COSIMO,PETRAROLI,-,M5S
GIOVANNA,PETRENGA,-,FdI
PAOLO,PETRINI,si,PD
ILEANA CATHIA,PIAZZONI,si,PD
GUGLIELMO,PICCHI,-,Lega
TERESA,PICCIONE,si,PD
FLAVIA,PICCOLI NARDELLI,si,PD
GIORGIO,PICCOLO,si,PD
SALVATORE,PICCOLO,si,PD
FILIPPO,PICCONE,-,AP
GAETANO,PIEPOLI,si,DS-CD
MAURO,PILI,-,Misto
NAZZARENO,PILOZZI,si,PD
GIANLUCA,PINI,-,Lega
GIUDITTA,PINI,si,PD
PAOLA,PINNA,si,PD
MICHELE,PIRAS,-,SI-SEL
GIROLAMO,PISANO,-,M5S
GIUSEPPE,PISICCHIO,si,Misto
VINCENZO,PISO,-,Misto
SERGIO,PIZZOLANTE,si,AP
ANTONIO,PLACIDO,-,SI-SEL
ALBRECHT,PLANGGER,si,Misto
CATIA,POLIDORI,-,FI-PdL
BARBARA MARIA SIMONETTA,POLLASTRINI,si,PD
RENATA,POLVERINI,-,FI-PdL
FABIO,PORTA,si,PD
GIACOMO ANTONIO,PORTAS,si,PD
EMANUELE,PRATAVIERA,-,Misto
STEFANIA,PRESTIGIACOMO,-,FI-PdL
ERNESTO,PREZIOSI,si,PD
FRANCESCO,PRINA,si,PD
ARIS,PRODANI,no,Misto
STEFANO,QUARANTA,-,SI-SEL
LIA,QUARTAPELLE PROCOPIO,si,PD
GIUSEPPE STEFANO,QUINTARELLI,si,Misto
MARIANO,RABINO,si,SCpI
FAUSTO,RACITI,si,PD
MICHELE,RAGOSTA,si,PD
FABIO,RAMPELLI,-,FdI
ROBERTO,RAMPI,si,PD
LAURA,RAVETTO,-,FI-PdL
ERMETE,REALACCI,si,PD
FRANCESCO,RIBAUDO,si,PD
LARA,RICCIATTI,-,SI-SEL
MATTEO,RICHETTI,si,PD
ANDREA,RIGONI,si,PD
WALTER,RIZZETTO,-,FdI
GIANLUCA,RIZZO,-,M5S
EUGENIA MARIA,ROCCELLA,no,Misto
MARIA GRAZIA,ROCCHI,si,PD
GIUSEPPE,ROMANINI,si,PD
ANDREA,ROMANO,si,PD
FRANCESCO SAVERIO,ROMANO,si,Misto
PAOLO NICOLO',ROMANO,-,M5S
GIUSEPPE,ROMELE,-,FI-PdL
MARCO,RONDINI,-,Lega
ETTORE,ROSATO,si,PD
DOMENICO,ROSSI,si,DS-CD
PAOLO,ROSSI,si,PD
ANNA,ROSSOMANDO,si,PD
MICHELA,ROSTAN,si,PD
GESSICA,ROSTELLATO,si,PD
GIANFRANCO,ROTONDI,-,FI-PdL
ALESSIA,ROTTA,si,PD
SIMONETTA,RUBINATO,si,PD
ANGELO,RUGHETTI,si,PD
CARLA,RUOCCO,-,M5S
PAOLO,RUSSO,-,FI-PdL
BARBARA,SALTAMARTINI,-,Lega
GIANFRANCO,SAMMARCO,si,AP
GIOVANNI,SANGA,si,PD
LUCA,SANI,-,PD
FRANCESCO,SANNA,si,PD
GIOVANNA,SANNA,si,PD
ARCANGELO,SANNICANDRO,-,SI-SEL
JOLE,SANTELLI,-,FI-PdL
MILENA,SANTERINI,si,DS-CD
CARLO,SARRO,-,FI-PdL
GIULIA,SARTI,-,M5S
ELVIRA,SAVINO,-,FI-PdL
SANDRA,SAVINO,-,FI-PdL
MARIO,SBERNA,si,DS-CD
DANIELA,SBROLLINI,si,PD
EMANUELE,SCAGLIUSI,-,M5S
IVAN,SCALFAROTTO,-,PD
GIAN PIERO,SCANU,si,PD
GEA,SCHIRO',si,PD
MANFRED,SCHULLIAN,-,Misto
ROSANNA,SCOPELLITI,si,AP
ARTURO,SCOTTO,-,SI-SEL
CHIARA,SCUVERA,si,PD
SAMUELE,SEGONI,-,Misto
ANGELO,SENALDI,si,PD
MARINA,SERENI,si,PD
CAMILLA,SGAMBATO,si,PD
CARLO,SIBILIA,-,M5S
ROBERTO,SIMONETTI,-,Lega
ELISA,SIMONI,si,PD
FRANCESCO PAOLO,SISTO,-,FI-PdL
GIRGIS,SORIAL,-,M5S
GIULIO CESARE,SOTTANELLI,si,SCpI
MARIA EDERA,SPADONI,-,M5S
ROBERTO,SPERANZA,si,PD
ARIANNA,SPESSOTTO,-,M5S
LUCA,SQUERI,-,FI-PdL
NICOLA,STUMPO,si,PD
BRUNO,TABACCI,si,DS-CD
ALESSIO,TACCONI,si,PD
MARCELLO,TAGLIALATELA,-,FdI
PAOLO,TANCREDI,si,AP
LUIGI,TARANTO,si,PD
GIACOMINO,TARICCO,si,PD
ASSUNTA,TARTAGLIONE,si,PD
VERONICA,TENTORI,si,PD
ALESSANDRA,TERROSI,si,PD
PATRIZIA,TERZONI,-,M5S
MARIETTA,TIDEI,si,PD
IRENE,TINAGLI,si,PD
ANGELO,TOFALO,-,M5S
DANILO,TONINELLI,-,M5S
ACHILLE,TOTARO,-,FdI
DAVIDE,TRIPIEDI,-,M5S
MARIO,TULLO,si,PD
TANCREDI,TURCO,-,Misto
GIANLUCA,VACCA,-,M5S
GUGLIELMO,VACCARO,no,Misto
SIMONE,VALENTE,-,M5S
VALERIA,VALENTE,si,PD
VALENTINO,VALENTINI,-,FI-PdL
SIMONE,VALIANTE,si,PD
ANDREA,VALLASCAS,-,M5S
PIERPAOLO,VARGIU,-,SCpI
FRANCO,VAZIO,si,PD
ANDREA,VECCHIO,si,SCpI
PAOLO,VELLA,-,FI-PdL
SILVIA,VELO,si,PD
LAURA,VENITTELLI,si,PD
CECILIA,VENTRICELLI,si,PD
WALTER,VERINI,si,PD
MARIA VALENTINA,VEZZALI,-,SCpI
LUDOVICO,VICO,si,PD
RAFFAELLO,VIGNALI,si,AP
STEFANO,VIGNAROLI,-,M5S
ALESSIO MATTIA,VILLAROSA,-,M5S
ROSA MARIA,VILLECCO,si,PD
ELIO,VITO,-,FI-PdL
ADRIANO,ZACCAGNINI,-,SI-SEL
SANDRA,ZAMPA,si,PD
ALESSANDRO,ZAN,si,PD
ENRICO,ZANETTI,si,SCpI
GIORGIO,ZANIN,si,PD
GIUSEPPE,ZAPPULLA,si,PD
FILIBERTO,ZARATTI,-,SI-SEL
DIEGO,ZARDINI,si,PD
DAVIDE,ZOGGIA,si,PD
ALBERTO,ZOLEZZI,-,M5S
Piero,Aiello,si,AP
Alberto,Airola,no,M5S
Donatella,Albano,si,PD
Gabriele,Albertini,si,AP
Bruno,Alicata,no,FI-PdL
Silvana,Amati,si,PD
Bartolomeo,Amidei,no,FI-PdL
Francesco Maria,Amoruso,si,AL-A
Ignazio,Angioni,si,PD
Ignazio,Angioni,si,PD
Francesco,Aracri,no,FI-PdL
Paolo,Arrigoni,-,Lega
Bruno,Astorre,si,PD
Andrea,Augello,-,GAL
Domenico,Auricchio,si,AL-A
Antonio,Azzollini,-,AP
Lucio,Barani,si,AL-A
Giovanni,Barozzino,no,Misto
Lorenzo,Battista,si,Aut
Raffaela,Bellot,si,Misto
Alessandra,Bencini,si,Misto
Hans,Berger,si,Aut
Anna Maria,Bernini,-,FI-PdL
Stefano,Bertacco,no,FI-PdL
Ornella,Bertorotta,no,M5S
Maria Teresa,Bertuzzi,si,PD
Amedeo,Bianco,si,PD
Laura,Bianconi,si,AP
Laura,Bignami,no,Misto
Giovanni,Bilardi,si,AP
Patrizia,Bisinella,si,Misto
Rosetta Enza,Blundo,no,M5S
Bernabo',Bocca,si,FI-PdL
Michele,Boccardi,no,FI-PdL
Fabrizio,Bocchino,no,Misto
Paolo,Bonaiuti,-,AP
Sandro,Bondi,si,Misto
Anna Cinzia,Bonfrisco,no,CoR
Daniele Gaetano,Borioli,si,PD
Laura,Bottici,no,M5S
Claudio,Broglia,si,PD
Francesco,Bruni,no,CoR
Filippo,Bubbico,si,PD
Maurizio,Buccarella,no,M5S
Enrico,Buemi,si,Aut
Elisa,Bulgarelli,no,M5S
Roberto,Calderoli,no,Lega
Massimo,Caleo,si,PD
Giacomo,Caliendo,no,FI-PdL
Francesco,Campanella,no,Misto
Stefano,Candiani,no,Lega
Laura,Cantini,si,PD
Rosaria,Capacchione,si,PD
Enrico,Cappelletti,no,M5S
Franco,Cardiello,no,FI-PdL
Valeria,Cardinali,si,PD
Antonio Stefano,Caridi,no,GAL
Franco,Carraro,no,FI-PdL
Monica,Casaletto,no,GAL
Pier Ferdinando,Casini,si,AP
Massimo,Cassano,si,AP
Felice,Casson,-,PD
Gianluca,Castaldi,no,M5S
Nunzia,Catalfo,no,M5S
Elena,Cattaneo,-,Aut
Gian Marco,Centinaio,no,Lega
Remigio,Ceroni,no,FI-PdL
Massimo,Cervellini,no,Misto
Federica,Chiavaroli,si,AP
Vannino,Chiti,si,PD
Carlo Azeglio,Ciampi,-,Aut
Lello,Ciampolillo,no,M5S
Andrea,Cioffi,no,M5S
Monica,Cirinna',si,PD
Roberto,Cociancich,si,PD
Stefano,Collina,si,PD
Francesco,Colucci,si,AP
Silvana Andreina,Comaroli,no,Lega
Luigi,Compagna,-,GAL
Giuseppe,Compagnone,si,AL-A
Nunziante,Consiglio,no,Lega
Franco,Conte,si,AP
Riccardo,Conti,si,AL-A
Paolo,Corsini,si,PD
Roberto,Cotti,no,M5S
Vito Claudio,Crimi,no,M5S
Jonny,Crosio,no,Lega
Giuseppe Luigi Salvatore,Cucca,si,PD
Vincenzo,Cuomo,si,PD
Erica,D'Adda,si,PD
Antonio,D'Ali',no,FI-PdL
Luigi,D'Ambrosio Lettieri,no,CoR
Vincenzo,D'Anna,si,AL-A
Nico,D'Ascola,si,AP
Angela,D'Onghia,si,GAL
Mario,Dalla Tor,si,AP
Gianpiero,Dalla Zuanna,si,PD
Michelino,Davico,si,GAL
Emilia Grazia,De Biasi,si,PD
Peppe,De Cristofaro,no,Misto
Loredana,De Petris,no,Misto
Cristina,De Pietro,-,Misto
Paola,De Pin,no,GAL
Antonio,De Poli,si,AP
Domenico,De Siano,no,FI-PdL
Mauro,Del Barba,si,PD
Benedetto,Della Vedova,si,Misto
Aldo,Di Biagio,si,AP
Ulisse,Di Giacomo,si,AP
Rosa Maria,Di Giorgi,si,PD
Salvatore Tito,Di Maggio,no,CoR
Nerina,Dirindin,si,PD
Sergio,Divina,-,Lega
Daniela,Donno,no,M5S
Giovanni,Endrizzi,no,M5S
Giuseppe,Esposito,si,AP
Stefano,Esposito,si,PD
Camilla,Fabbri,si,PD
Ciro,Falanga,si,AL-A
Enzo,Fasano,no,FI-PdL
Laura,Fasiolo,si,PD
Elena,Fattori,no,M5S
Emma,Fattorini,si,PD
Nicoletta,Favero,si,PD
Claudio,Fazzone,-,FI-PdL
Valeria,Fedeli,si,PD
Elena,Ferrara,si,PD
Mario,Ferrara,no,GAL
Marco,Filippi,si,PD
Rosanna,Filippin,si,PD
Anna,Finocchiaro,si,PD
Elena,Fissore,si,PD
Emilio,Floris,no,FI-PdL
Roberto,Formigoni,si,AP
Federico,Fornaro,si,PD
Vittorio,Fravezzi,si,Aut
Serenella,Fucksia,no,Misto
Luigi,Gaetti,no,M5S
Paolo,Galimberti,no,FI-PdL
Adele,Gambaro,si,Misto
Maurizio,Gasparri,no,FI-PdL
Maria Grazia,Gatti,si,PD
Antonio,Gentile,si,AP
Niccolo',Ghedini,no,FI-PdL
Francesco,Giacobbe,si,PD
Stefania,Giannini,si,PD
Mario Michele,Giarrusso,no,M5S
Vincenzo,Gibiino,no,FI-PdL
Nadia,Ginetti,si,PD
Carlo,Giovanardi,no,GAL
Francesco Maria,Giro,no,FI-PdL
Gianni Pietro,Girotto,no,M5S
Miguel,Gotor,si,PD
Manuela,Granaiola,si,PD
Pietro,Grasso,-,PD
Marcello,Gualdani,si,AP
Maria Cecilia,Guerra,si,PD
Paolo,Guerrieri Paleotti,si,PD
Pietro,Ichino,si,PD
Josefa,Idem,si,PD
Pietro,Iurlaro,si,AL-A
Bachisio Silvio,Lai,si,PD
Pietro,Langella,si,AL-A
Albert,Laniece,si,Aut
Linda,Lanzillotta,si,PD
Nicola,Latorre,si,PD
Stefano,Lepri,si,PD
Barbara,Lezzi,-,M5S
Pietro,Liuzzi,no,CoR
Sergio,Lo Giudice,si,PD
Doris,Lo Moro,si,PD
Eva,Longo,si,AL-A
Fausto Guilherme,Longo,si,Aut
Carlo,Lucherini,si,PD
Stefano,Lucidi,no,M5S
Giuseppe,Lumia,si,PD
Lucio,Malan,no,FI-PdL
Patrizia,Manassero,si,PD
Luigi,Manconi,si,PD
Bruno,Mancuso,si,AP
Andrea,Mandelli,no,FI-PdL
Giovanna,Mangili,no,M5S
Alessandro,Maran,si,PD
Andrea,Marcucci,si,PD
Salvatore,Margiotta,si,Misto
Marco,Marin,no,FI-PdL
Giuseppe Francesco Maria,Marinello,si,AP
Luigi,Marino,si,AP
Mauro Maria,Marino,si,PD
Carlo,Martelli,no,M5S
Claudio,Martini,si,PD
Bruno,Marton,no,M5S
Marino Germano,Mastrangeli,-,Misto
Altero,Matteoli,no,FI-PdL
Donella,Mattesini,si,PD
Giuseppina,Maturani,si,PD
Giovanni,Mauro,no,GAL
Mario,Mauro,no,GAL
Riccardo,Mazzoni,si,AL-A
Maria Paola,Merloni,si,Aut
Alfredo,Messina,no,FI-PdL
Claudio,Micheloni,si,PD
Maurizio,Migliavacca,si,PD
Antonio,Milo,no,CoR
Corradino,Mineo,no,Misto
Marco,Minniti,si,PD
Augusto,Minzolini,no,FI-PdL
Franco,Mirabelli,si,PD
Francesco,Molinari,no,Misto
Michela,Montevecchi,no,M5S
Mario,Monti,-,Misto
Mario,Morgoni,si,PD
Vilma,Moronese,no,M5S
Nicola,Morra,no,M5S
Claudio,Moscardelli,si,PD
Massimo,Mucchetti,si,PD
Emanuela,Munerato,si,Misto
Maria,Mussini,no,Misto
Paolo,Naccarato,-,GAL
Giorgio,Napolitano,si,Aut
Riccardo,Nencini,si,Aut
Paola,Nugnes,no,M5S
Andrea,Olivero,si,Aut
Luis Alberto,Orellana,si,Aut
Pamela Giacoma Giovanna,Orru',si,PD
Venera,Padua,si,PD
Pippo,Pagano,si,AP
Giorgio,Pagliari,si,PD
Sara,Paglini,-,M5S
Lionello Marco,Pagnoncelli,-,CoR
Francesco,Palermo,-,Aut
Nitto Francesco,Palma,no,FI-PdL
Franco,Panizza,si,Aut
Annamaria,Parente,si,PD
Carlo,Pegorer,si,PD
Paola,Pelino,no,FI-PdL
Bartolomeo,Pepe,-,GAL
Luigi,Perrone,no,CoR
Alessia,Petraglia,no,Misto
Vito Rosario,Petrocelli,no,M5S
Stefania,Pezzopane,si,PD
Renzo,Piano,-,Aut
Enrico,Piccinelli,si,AL-A
Giovanni,Piccoli,no,FI-PdL
Leana,Pignedoli,si,PD
Roberta,Pinotti,si,PD
Luciano,Pizzetti,si,PD
Sergio,Puglia,no,M5S
Francesca,Puglisi,si,PD
Laura,Puppato,si,PD
Gaetano,Quagliariello,-,GAL
Raffaele,Ranucci,si,PD
Antonio,Razzi,no,FI-PdL
Manuela,Repetti,si,Misto
Lucrezia,Ricchiuti,si,PD
Maria,Rizzotti,no,FI-PdL
Maurizio,Romani,si,Misto
Paolo,Romani,no,FI-PdL
Lucio,Romano,si,Aut
Gianluca,Rossi,si,PD
Luciano,Rossi,si,AP
Mariarosaria,Rossi,no,FI-PdL
Maurizio,Rossi,-,Misto
Carlo,Rubbia,-,Aut
Francesco,Russo,si,PD
Roberto,Ruta,si,PD
Giuseppe,Ruvolo,si,AL-A
Maurizio,Sacconi,si,AP
Angelica,Saggese,si,PD
Gian Carlo,Sangalli,si,PD
Vincenzo,Santangelo,no,M5S
Giorgio,Santini,si,PD
Francesco,Scalia,si,PD
Antonio,Scavone,si,AL-A
Renato,Schifani,si,AP
Salvatore,Sciascia,no,FI-PdL
Marco,Scibona,no,M5S
Domenico,Scilipoti Isgro',no,FI-PdL
Francesco,Scoma,no,FI-PdL
Giancarlo,Serafini,no,FI-PdL
Manuela,Serra,-,M5S
Cosimo,Sibilia,no,FI-PdL
Annalisa,Silvestro,si,PD
Ivana,Simeoni,no,Misto
Pasquale,Sollo,si,PD
Lodovico,Sonego,si,PD
Maria,Spilabotte,si,PD
Ugo,Sposetti,si,PD
Erika,Stefani,no,Lega
Dario,Stefano,no,Misto
Giacomo,Stucchi,no,Lega
Gianluca,Susta,si,PD
Lucio,Tarquinio,no,CoR
Paola,Taverna,no,M5S
Walter,Tocci,no,PD
Salvatore,Tomaselli,si,PD
Giorgio,Tonini,si,PD
Salvatore,Torrisi,si,AP
Paolo,Tosato,no,Lega
Giulio,Tremonti,no,GAL
Mario,Tronti,si,PD
Renato Guerino,Turano,-,PD
Luciano,Uras,-,Misto
Stefano,Vaccari,si,PD
Giuseppe,Vacciano,no,Misto
Mara,Valdinosi,si,PD
Daniela,Valentini,si,PD
Vito,Vattuone,si,PD
Denis,Verdini,si,AL-A
Francesco,Verducci,si,PD
Simona,Vicari,si,AP
Guido,Viceconte,si,AP
Riccardo,Villari,si,FI-PdL
Raffaele,Volpi,no,Lega
Luigi,Zanda,si,PD
Magda Angela,Zanoni,si,PD
Sergio,Zavoli,si,PD
Karl,Zeller,si,Aut
Claudio,Zin,si,Aut
Vittorio,Zizza,no,CoR
Sante,Zuffada,no,FI-PdL
Nicola,Zingaretti,si,PD
Matteo,Renzi,si,PD
Piero,Fassino,si,PD
Guido Alessandro,Gozzi,si,_
Marcello,Pera,si,_
Lorenzo,Ornaghi,si,_
Franco,Benedetti,si,_
Giuliano,Ferrara,si,_
Beppe,Grillo,no,_
Matteo,Salvini,no,_
Silvio,Berlusconi,no,_
Alessandro,Pace,no,_
Gustavo,Zagrebelsky,no,_
Pietro,Adami,no,_
Alberto Asor,Rosa,no,_
Gaetano,Azzariti,no,_
Francesco,Baicchi,no,_
Vittorio,Bardi,no,_
Mauro,Beschi,no,_
Felice,Besostri,no,_
Francesco,Bilancia,no,_
Sandra,Bonsanti,no,_
Lorenza,Carlassare,no,_
Sergio,Caserta,no,_
Antonio,Caputo,no,_
Francesca,Chiavacci,no,_
Claudio De,Fiores,no,_
Riccardo De,Vito,no,_
Carlo Di,Marco,no,_
Antonio Di,Pietro,no,_
Giulio,Ercolessi,no,_
Anna,Falcone,no,_
Antonello,Falomi,no,_
Gianni,Ferrara,no,_
Tommaso,Fulfaro,no,_
Domenico,Gallo,no,_
Alfonso,Gianni,no,_
Alfiero,Grandi,no,_
Maurizio,Landini,no,_
Raniero La,Valle,no,_
Paolo,Maddalena,no,_
Giovanni,Palombarini,no,_
Vincenzo,Palumbo,no,_
Francesco,Pardi,no,_
Livio,Pepino,no,_
Antonio,Pileggi,no,_
Marta,Pirozzi,no,_
Ugo Giuseppe,Rescigno,no,_
Stefano,Rodotà,no,_
Franco,Russo,no,_
Giovanni Russo,Spena,no,_
Cesare,Salvi,no,_
Mauro,Sentimenti,no,_
Carlo,Smuraglia,no,_
Enrico,Solito,no,_
Armando,Spataro,no,_
Massimo,Villone,no,_
Vincenzo,Vita,no,_
Mauro,Volpi,no,_
Annibale,Marini,no,_
Nicolò,Amato,no,_
Mara,Carfagna,no,_
Antonio,D'Alì,no,_
Arturo,Diaconale,no,_
Daniela,Santanchè,no,_
Enrico La,Loggia,no,_
Alfonso,Quaranta,no,_
Giuseppe,Valditara,no,_
Giuseppe,Gargani,no,_
Mario,Tassone,no,_
Riccardo,Ventre,no,_
Potito,Salatto,no,_
Lorenzo,Cesa,no,_
Ciriaco De,Mita,no,_
Massimo,D'Alema,no,_
Guido,Calvi,no,_
Bobo,Craxi,no,_
Rino,Formica,no,_
Nicola,Acocella,no,_
Marco,Albeltaro,no,_
Andrea,Bajani,no,_
Carlo,Bertelli,no,_
Franco,Bile,no,_
Ginevra,Bompiani,no,_
Alberto,Burgio,no,_
Giuseppe,Campione,no,_
Luciano,Canfora,no,_
Riccardo,Chieppa,no,_
Luigi,Ciotti,no,_
Daria,Colombo,no,_
Fernanda,Contri,no,_
Girolamo,Cotroneo,no,_
Nicola,D'Angelo,no,_
Ida,Dominijanni,no,_
Vittorio,Emiliani,no,_
Luigi,Ferrajoli,no,_
Vincenzo,Ferrari,no,_
Paul,Ginsborg,no,_
Fabio,Grossi,no,_
Monica,Guerritore,no,_
Leo,Gullotta,no,_
Paolo,Leon,no,_
Rosetta,Loy,no,_
Valerio,Magrelli,no,_
Fiorella,Mannoia,no,_
Ivano,Marescotti,no,_
Annibale,Marini,no,_
Citto,Maselli,no,_
Gian Giacomo,Migone,no,_
Giuliano,Montaldo,no,_
Tomaso,Montanari,no,_
Paolo,Napolitano,no,_
Giorgio,Nebbia,no,_
Guido Neppi,Modona,no,_
Diego,Novelli,no,_
Piergiorgio,Odifreddi,no,_
Moni,Ovadia,no,_
Antonio,Padellaro,no,_
Giorgio,Parisi,no,_
Gianfranco,Pasquino,no,_
Valerio,Pocar,no,_
Daniela,Poggi,no,_
Michele,Prospero,no,_
Alfonso,Quaranta,no,_
Norma,Rangeri,no,_
Ermanno,Rea,no,_
Marco,Revelli,no,_
Umberto,Romagnoli,no,_
Gennaro,Sasso,no,_
Giacomo,Scarpelli,no,_
Giuseppe,Sergi,no,_
Tullio,Seppilli,no,_
Toni,Servillo,no,_
Salvatore,Settis,no,_
Alessandro,Torre,no,_
Nicola,Tranfaglia,no,_
Marco,Travaglio,no,_
Nadia,Urbinati,no,_
Gianni,Vattimo,no,_
Daniele,Vicari,no,_
Maurizio,Viroli,no,_
Roberto,Zaccaria,no,_
Alex,Zanotelli,no,_
Francesco,Amirante,no,_
Vittorio,Angiolini,no,_
Luca,Antonini,no,_
Antonio,Baldassarre,no,_
Sergio,Bartole,no,_
Ernesto,Bettinelli,no,_
Franco,Bile,no,_
Paolo,Caretti,no,_
Lorenza,Carlassare,no,_
Francesco Paolo,Casavola,no,_
Enzo,Cheli,no,_
Riccardo,Chieppa,no,_
Cecilia,Corsi,no,_
Antonio,D'Andrea,no,_
Ugo De,Siervo,no,_
Mario,Dogliani,no,_
Giovanni Maria,Flick,no,_
Franco,Gallo,no,_
Silvio,Gambino,no,_
Mario,Gorlani,no,_
Stefano,Grassi,no,_
Enrico,Grosso,no,_
Riccardo,Guastini,no,_
Giovanni,Guiglia,no,_
Fulco,Lanchester,no,_
Sergio,Lariccia,no,_
Donatella,Loprieno,no,_
Joerg,Luther,no,_
Paolo,Maddalena,no,_
Maurizio,Malo,no,_
Andrea,Manzella,no,_
Anna,Marzanati,no,_
Luigi,Mazzella,no,_
Alessandro,Mazzitelli,no,_
Stefano,Merlini,no,_
Costantino,Murgia,no,_
Guido Neppi,Modona,no,_
Walter,Nocito,no,_
Valerio,Onida,no,_
Saulle,Panizza,no,_
Maurizio Pedrazza,Gorlero,no,_
Barbara,Pezzini,no,_
Alfonso,Quaranta,no,_
Saverio,Regasto,no,_
Giancarlo,Rolla,no,_
Roberto,Romboli,no,_
Claudio,Rossano,no,_
Fernando,Santosuosso,no,_
Giovanni Tarli,Barbieri,no,_
Roberto,Toniatti,no,_
Romano,Vaccarella,no,_
Filippo,Vari,no,_
Luigi,Ventura,no,_
Maria Paola Viviani,Schlein,no,_
Roberto,Zaccaria,no,_
Gustavo,Zagrebelsky,no,_
Maurizio,Lupi,si,_
Giovanni,Guzzetta,si,_
Franco,Debenedetti,si,_
Angelo,Panebianco,si,_
Salvo,Andò,si,_
Giuseppe,Arconzo,si,_
Gianfranco,Baldini,si,_
Barbara,Malaisi,si,_
Benedetta,Barbisan,si,_
Luciano,Bardi,si,_
Stefania,Bariatti,si,_
Antonio,Bartolini,si,_
Franco,Bassanini,si,_
Carla,Bassu,si,_
Cristina,Bertolino,si,_
Rodolfo,Bettiol,si,_
Raffaele,Bifulco,si,_
Paola,Bilancia,si,_
Roberto,Bin,si,_
Elena,Bindi,si,_
Chiara,Bologna,si,_
Massimo,Bordignon,si,_
Pietro,Boria,si,_
Carlo,Bottari,si,_
Marco,Brunazzo,si,_
Emiliano,Bruscardi,si,_
Mia,Caielli,si,_
Mauro,Calise,si,_
Simone,Calzolaio,si,_
Quirino,Camerlengo,si,_
Marco,Cammelli,si,_
Vittorio,Campione,si,_
Giulia,Caravale,si,_
Beniamino Caravita di,Toritto,si,_
Giuseppina Giuliana,Carboni,si,_
Massimo,Carli,si,_
Paolo,Carrozza,si,_
Corrado,Caruso,si,_
Luisa,Cassetti,si,_
Luca,Castelli,si,_
Elisabetta,Catelani,si,_
Daniele,Caviglia,si,_
Massimo,Cavino,si,_
Stefano,Ceccanti,si,_
Marcello,Cecchetti,si,_
Vincenzo Cerulli,Irelli,si,_
Carlo,Cester,si,_
Anna,Chimenti,si,_
Mario Pilade,Chiti,si,_
Pietro,Ciarlo,si,_
Francesco,Clementi,si,_
Stefano,Cognetti,si,_
Gian Luca,Conti,si,_
Giovanni,Cordini,si,_
Pasquale,Costanzo,si,_
Lorenzo,Cuocolo,si,_
Salvatore,Curreri,si,_
Carlo Curti,Gialdino,si,_
Giacomo,D'Amico,si,_
Marilisa,D'Amico,si,_
Luigi,D'Andrea,si,_
Gianfranco,D'Alessio,si,_
Maurizio De,Acutis,si,_
Alberto De,Bernardi,si,_
Gianclaudio De,Cesare,si,_
Andrea Del,Re,si,_
Gianmario,Demuro,si,_
Marco Di,Folco,si,_
Roberto Di,Maria,si,_
Enzo Di,Nuoscio,si,_
Giampiero Di,Plinio,si,_
Luca,Diotallevi,si,_
Filippo,Donati,si,_
Fabio,Elefante,si,_
Sergio,Fabbrini,si,_
Federica,Fabrizzi,si,_
Luciano,Fasano,si,_
Fabio,Fede,si,_
Elena,Ferioli,si,_
Antonio,Ferrara,si,_
Antonio,Flamini,si,_
Marcello Flores,d'Arcais,si,_
Francesco,Pizzetti,si,_
Claudio,Franchini,si,_
Justin,Frosini,si,_
Tommaso Edoardo,Frosini,si,_
Federico,Furlan,si,_
Arianna,Fusaro,si,_
Carlo,Fusaro,si,_
Diana Urania,Galetta,si,_
Carlo Emanuele,Gallo,si,_
Enrico Genta,Ternavasio,si,_
Sergio,Gerotto,si,_
Federico,Ghera,si,_
Felice,Giuffré,si,_
Francesco Tomaso,Giupponi,si,_
Maria Cristina,Grisolia,si,_
Tania,Groppi,si,_
Giovanni Grottanelli de',Santi,si,_
Guido,Guidi,si,_
Antonio La,Spina,si,_
Stefania,Leone,si,_
Amedeo,Lepore,si,_
Vincenzo,Lippolis,si,_
Andrea,Longo,si,_
Gianfranco,Macrì,si,_
Francesco,Malgeri,si,_
Giampaolo,Malgeri,si,_
Claudia,Mancina,si,_
Susanna,Mancini,si,_
Stefano,Mannoni,si,_
Giuseppe,Marazzita,si,_
Michele,Marchi,si,_
Pio,Marconi,si,_
Alberto,Martinelli,si,_
Claudio,Martinelli,si,_
Oreste,Massari,si,_
Anna,Mastromarino,si,_
Maria Giovanna,Mattarolo,si,_
Marco,Mayer,si,_
Guido,Melis,si,_
Marta,Mengozzi,si,_
Chiara,Meoli,si,_
Marcello,Messori,si,_
Luca,Mezzetti,si,_
Roberto,Miccù,si,_
Mara,Morini,si,_
Massimo,Morisi,si,_
Leonardo,Morlino,si,_
Francesco,Morosini,si,_
Andrea,Morrone,si,_
Emanuela,Mosca,si,_
Anna,Moscarini,si,_
Alessandro,Natalini,si,_
Ida,Nicotra,si,_
Marco,Olivetti,si,_
Maurizio,Oliviero,si,_
Elisabetta Palici di,Suni,si,_
Angelo,Pandolfo,si,_
Angelo,Panebianco,si,_
Nicola,Pasini,si,_
Pasquale,Pasquino,si,_
Gianluca,Passarelli,si,_
Renato,Pescara,si,_
Alessandro,Petretto,si,_
Pierluigi,Petrillo,si,_
Paola,Piciacchia,si,_
Nicola,Pignatelli,si,_
Ferdinando,Pinto,si,_
Cesare,Pinelli,si,_
Andrea,Pisaneschi,si,_
Stefano,Pizzorno,si,_
Marco,Plutino,si,_
Anna Maria,Poggi,si,_
Aristide,Police,si,_
Oreste,Pollicino,si,_
Paolo,Pombeni,si,_
Giusto,Puccini,si,_
Edoardo Carlo,Raffiotta,si,_
Francesco,Raniolo,si,_
Giovanna,Razzano,si,_
Mario,Ricciardi,si,_
Paolo,Ridola,si,_
Angelo,Rinella,si,_
Francesca,Rosa,si,_
Lucia Serena,Rossi,si,_
Michele,Salvati,si,_
Giulio Maria,Salerno,si,_
Angelo,Schillaci,si,_
Antonella,Sciortino,si,_
Filippo,Scuto,si,_
Fabio,Serricchio,si,_
Eugenio,Somaini,si,_
Alessandro,Sterpa,si,_
Guido,Tabellini,si,_
Diletta,Tega,si,_
Fulvio,Tessitore,si,_
Luisa,Torchia,si,_
Duccio,Traina,si,_
Silvio,Traversa,si,_
Tiziano,Treu,si,_
Ennio,Triggiani,si,_
Filippo,Tronconi,si,_
Andrea,Ungari,si,_
Paolo,Urbani,si,_
Luciano,Vandelli,si,_
Salvatore,Vassallo,si,_
Giuseppe,Verde,si,_
Alberto,Vespaziani,si,_
Giulio,Vesperini,si,_
Giulio Enea,Vigevani,si,_
Filippo,Viglione,si,_
Adriana,Vigneri,si,_
Lorenza,Violini,si,_
Giuseppe,Zaccaria,si,_
Paolo,Zatti,si,_
Carolin,Zwilling,si,_
Alberto,Abruzzese,si,_
Isabella,Adinolfi,si,_
Stefano,Arduini,si,_
Vincenzo,Barone,si,_
Luigi,Berlinguer,si,_
Luigi,Biggeri,si,_
Edoardo,Boncinelli,si,_
Caterina,Bonvicini,si,_
Giancarlo,Bosetti,si,_
Lodovica,Braida,si,_
Giulio,Busi,si,_
Marina,Caffiero,si,_
Gianni,Canova,si,_
Andrea,Carandini,si,_
Marina,Cattaruzza,si,_
Liliana,Cavani,si,_
Riccardo,Chiaberge,si,_
Simona,Colarizi,si,_
Arnaldo,Colasanti,si,_
Fulvio,Conti,si,_
Piero,Craveri,si,_
Paolo,Crepet,si,_
Maurizio,Dardano,si,_
Enrico,Decleva,si,_
Antonio,Ereditato,si,_
Guido,Fabiani,si,_
Marcello,Flores,si,_
Carlo,Fontana,si,_
Mario,Fortunato,si,_
Giuseppe,Galasso,si,_
Umberto,Galimberti,si,_
Gianpiero,Gamaleri,si,_
Nicola,Gardini,si,_
Franco,Garelli,si,_
Maria Amata,Garito,si,_
Emma,Giammattei,si,_
Andrea,Giardina,si,_
Tullio,Gregory,si,_
Massimo,Inguscio,si,_
Raffaele,Lauro,si,_
Andrea,Lenzi,si,_
Franco,Malerba,si,_
Alberto,Melloni,si,_
Federico,Moccia,si,_
Andrea,Moro,si,_
Salvatore,Natoli,si,_
Giuseppe,Novelli,si,_
Alberto,Oliverio,si,_
Antonio,Padoa-Schioppa,si,_
Emilio,Pasquini,si,_
Sandra,Petrignani,si,_
Paolo,Pezzino,si,_
Aurelio,Picca,si,_
Annalisa,Piras,si,_
Domenico,Pittella,si,_
Stefano,Pivato,si,_
Riccardo,Pozzo,si,_
Angelo,Provasoli,si,_
Michele,Rak,si,_
Enrico,Rizzarelli,si,_
Luigi,Ruggiu,si,_
Franco,Salvatori,si,_
Vincenzo,Scotti,si,_
Luca,Serianni,si,_
Mirella,Serri,si,_
Uberto,Siola,si,_
Giacomo,Stella,si,_
Filippo,Taddei,si,_
Susanna,Tamaro,si,_
Federico,Testa,si,_
Gabriele,Vacis,si,_
Salvatore,Veca,si,_
Giuseppe,Veltri,si,_
Lucio,Villari,si,_
Giuliano,Volpe,si,_
Giorgio,Zanetti,si,_
Rodolfo,Zich,si,_
